name,suburb,gas_emi_per_day,ele_emi_per_day,all_overhead
Jacob Gomez,Lysterfield_South,321,973,1294
Johnny Williams,Clyde;Clyde_North,741,8,749
Kaylee Williams,Endeavour_Hills,43,811,854
Amy Jackson MD,Narre_Warren;Narre_Warren_South,414,150,564
Claudia Smith,Berwick;Harkaway,237,431,668
Natalie Morrison,Endeavour_Hills,635,42,677
Debra Thompson,Clyde;Clyde_North,217,341,558
Christopher Thomas,Pearcedale,632,846,1478
Bradley Moreno,Hallam,605,391,996
James Serrano,Lysterfield_South,584,639,1223
Stacy Snyder DVM,Beaconsfield,487,951,1438
Christopher Boyd,Beaconsfield,157,219,376
Heidi Acosta,Lynbrook;Lyndhurst,344,161,505
Theodore Freeman,Botanic_Ridge;Cannons_Creek;Cranbourne;Cranbourne_East;Cranbourne_North;Cranbourne_South;Cranbourne_West;Devon_Meadows;Junction_Village,343,525,868
William Copeland,Blind_Bight;Tooradin;Warneet,9,399,408
Jeffery Harris,Narre_Warren;Narre_Warren_South,802,784,1586
Karen Wilson,Endeavour_Hills,98,683,781
Cassidy Rogers,Berwick;Harkaway,591,161,752
Ebony Evans MD,Narre_Warren_North,41,655,696
Sarah Chang,Hallam,23,516,539
David Perez,Hallam,887,836,1723
Stacey Case,Lynbrook;Lyndhurst,71,518,589
Angela Walker,Pearcedale,953,190,1143
Roberto Turner,Hallam,964,348,1312
Tammy Miller,Endeavour_Hills,607,115,722
Donald Smith,Doveton;Eumemmerring,675,665,1340
Mrs. Jennifer Garcia,Narre_Warren_North,530,106,636
Calvin Fuller,Endeavour_Hills,659,416,1075
Barbara Madden MD,Hampton_Park,710,715,1425
Ashley Lara,Lynbrook;Lyndhurst,728,457,1185
Maria Smith,Narre_Warren_North,24,700,724
Michael Salazar MD,Lynbrook;Lyndhurst,410,106,516
Jeffrey Jenkins,Hampton_Park,837,661,1498
Timothy Proctor,Narre_Warren_North,911,854,1765
Amanda Bryant,Narre_Warren;Narre_Warren_South,498,253,751
Angela Willis,Hallam,195,248,443
Connie Ruiz,Berwick;Harkaway,445,656,1101
Brandon Walls,Clyde;Clyde_North,489,721,1210
Scott Robertson,Narre_Warren_North,510,612,1122
Carlos Tucker,Botanic_Ridge;Cannons_Creek;Cranbourne;Cranbourne_East;Cranbourne_North;Cranbourne_South;Cranbourne_West;Devon_Meadows;Junction_Village,939,306,1245
Mark Watkins,Endeavour_Hills,321,805,1126
Edward Martinez,Lynbrook;Lyndhurst,819,292,1111
Sharon Hines,Hallam,171,86,257
Susan Little,Narre_Warren;Narre_Warren_South,180,775,955
Joseph Cabrera,Lynbrook;Lyndhurst,824,67,891
Diana Reed,Narre_Warren;Narre_Warren_South,56,13,69
Danielle Golden,Pearcedale,677,892,1569
Derek Fox,Lynbrook;Lyndhurst,447,471,918
Brian Solis,Hampton_Park,536,175,711
Catherine Macdonald,Lynbrook;Lyndhurst,869,996,1865
Allison Livingston,Clyde;Clyde_North,254,277,531
Ashley Burns,Pearcedale,700,424,1124
Dustin Bowman,Blind_Bight;Tooradin;Warneet,668,937,1605
Angel Robbins,Beaconsfield,554,139,693
Cynthia Smith,Berwick;Harkaway,898,660,1558
Patty Kelly,Pearcedale,978,182,1160
Margaret Bell,Endeavour_Hills,772,509,1281
David Jones,Doveton;Eumemmerring,623,987,1610
Mark Garcia,Berwick;Harkaway,684,661,1345
Tony Smith,Hampton_Park,563,471,1034
Briana Watson,Doveton;Eumemmerring,933,416,1349
Mrs. Angela Pierce,Berwick;Harkaway,798,890,1688
Billy Mcconnell,Lynbrook;Lyndhurst,239,831,1070
James Hampton,Endeavour_Hills,778,688,1466
Eric Meyer,Hallam,497,723,1220
Matthew Valdez,Blind_Bight;Tooradin;Warneet,848,820,1668
Wyatt Santos,Beaconsfield,493,569,1062
Christopher Lawrence,Blind_Bight;Tooradin;Warneet,955,111,1066
Jermaine Hickman,Lynbrook;Lyndhurst,971,526,1497
Sabrina Hamilton,Blind_Bight;Tooradin;Warneet,479,46,525
Justin Hall,Lysterfield_South,873,754,1627
Justin Thompson,Hampton_Park,485,258,743
Debra Williams,Doveton;Eumemmerring,530,197,727
John Kennedy DDS,Berwick;Harkaway,258,409,667
Robert Scott,Beaconsfield,478,647,1125
Mark Hart,Berwick;Harkaway,246,239,485
Shawn Johnson,Botanic_Ridge;Cannons_Creek;Cranbourne;Cranbourne_East;Cranbourne_North;Cranbourne_South;Cranbourne_West;Devon_Meadows;Junction_Village,790,721,1511
Paul Hughes,Hampton_Park,920,202,1122
Adam Washington,Clyde;Clyde_North,426,39,465
Sonya Casey,Lysterfield_South,864,486,1350
Emily Miller,Botanic_Ridge;Cannons_Creek;Cranbourne;Cranbourne_East;Cranbourne_North;Cranbourne_South;Cranbourne_West;Devon_Meadows;Junction_Village,72,350,422
Arthur Oneill,Lysterfield_South,592,258,850
Miss Dominique Payne,Doveton;Eumemmerring,34,360,394
Krista Higgins,Lysterfield_South,708,719,1427
